[
    {
      "id": "fl-001",
      "airline": "AirDemo",
      "flightNumber": "AD123",
      "from": "New York",
      "to": "London",
      "departureTime": "2023-08-15T08:00:00Z",
      "arrivalTime": "2023-08-15T20:00:00Z",
      "duration": "8h",
      "price": {
        "amount": 550,
        "currency": "USD"
      },
      "availableSeats": 25
    },
    {
      "id": "fl-002",
      "airline": "SkyJet",
      "flightNumber": "SJ456",
      "from": "New York",
      "to": "London",
      "departureTime": "2023-08-15T14:00:00Z",
      "arrivalTime": "2023-08-16T02:00:00Z",
      "duration": "8h",
      "price": {
        "amount": 480,
        "currency": "USD"
      },
      "availableSeats": 12
    },
    {
      "id": "fl-003",
      "airline": "TransGlobe",
      "flightNumber": "TG789",
      "from": "New York",
      "to": "London",
      "departureTime": "2023-08-15T23:00:00Z",
      "arrivalTime": "2023-08-16T11:00:00Z",
      "duration": "8h",
      "price": {
        "amount": 420,
        "currency": "USD"
      },
      "availableSeats": 5
    }
  ]
  